start_time, end_time, duration, vote_mechanism, vote_name, short_id
2021-07-23 17:16:58.753, 2021-07-23 17:20:20.634, 201, Majority Voting, Vote 01, 11172
2021-07-23 17:20:26.476, 2021-07-23 17:21:11.041, 44, Combined Approval, Vote 02, 11172
2021-07-23 17:21:16.351, 2021-07-23 17:21:53.094, 36, Score Voting, Vote 03, 11172
2021-07-23 17:21:58.849, 2021-07-23 17:22:55.884, 57, Modified Borda Count, Vote 04, 11172
2021-07-23 17:23:01.064, 2021-07-23 17:23:39.064, 38, Majority Voting, Vote 05, 11172
2021-07-23 17:23:44.217, 2021-07-23 17:24:37.070, 52, Combined Approval, Vote 06, 11172
2021-07-23 17:24:42.167, 2021-07-23 17:25:09.101, 26, Score Voting, Vote 07, 11172
2021-07-23 17:25:14.259, 2021-07-23 17:25:48.505, 34, Modified Borda Count, Vote 08, 11172
2021-07-23 17:25:53.580, 2021-07-23 17:26:22.871, 29, Majority Voting, Vote 09, 11172
2021-07-23 17:26:28.205, 2021-07-23 17:26:52.162, 23, Combined Approval, Vote 10, 11172
2021-07-23 17:26:57.279, 2021-07-23 17:27:21.047, 23, Score Voting, Vote 11, 11172
2021-07-23 17:27:26.260, 2021-07-23 17:27:45.948, 19, Modified Borda Count, Vote 12, 11172
2021-07-23 17:27:51.033, 2021-07-23 17:28:45.043, 54, Majority Voting, Vote 13, 11172
2021-07-23 17:28:50.219, 2021-07-23 17:29:49.453, 59, Combined Approval, Vote 14, 11172
2021-07-23 17:29:54.434, 2021-07-23 17:30:13.690, 19, Score Voting, Vote 15, 11172
2021-07-23 17:30:18.801, 2021-07-23 17:30:40.446, 21, Modified Borda Count, Vote 16, 11172
2021-01-24 15:11:08.837, 2021-01-24 15:11:34.978, 26, Majority Voting, Vote 01, 11758
2021-01-24 15:11:40.005, 2021-01-24 15:12:19.233, 39, Combined Approval, Vote 02, 11758
2021-01-24 15:12:24.051, 2021-01-24 15:13:37.887, 73, Score Voting, Vote 03, 11758
2021-01-24 15:13:42.665, 2021-01-24 15:15:01.094, 78, Modified Borda Count, Vote 04, 11758
2021-01-24 15:15:08.325, 2021-01-24 15:15:39.380, 31, Majority Voting, Vote 05, 11758
2021-01-24 15:16:27.544, 2021-01-24 15:17:08.817, 41, Combined Approval, Vote 06, 11758
2021-01-24 15:17:13.736, 2021-01-24 15:17:37.246, 23, Score Voting, Vote 07, 11758
2021-01-24 15:17:43.687, 2021-01-24 15:18:23.652, 39, Modified Borda Count, Vote 08, 11758
2021-01-24 15:18:28.525, 2021-01-24 15:18:39.430, 10, Majority Voting, Vote 09, 11758
2021-01-24 15:18:44.404, 2021-01-24 15:19:13.981, 29, Combined Approval, Vote 10, 11758
2021-01-24 15:19:18.844, 2021-01-24 15:20:08.922, 50, Score Voting, Vote 11, 11758
2021-01-24 15:20:13.758, 2021-01-24 15:20:24.290, 10, Modified Borda Count, Vote 12, 11758
2021-01-24 15:20:29.265, 2021-01-24 15:20:42.731, 13, Majority Voting, Vote 13, 11758
2021-01-24 15:20:47.495, 2021-01-24 15:21:32.057, 44, Combined Approval, Vote 14, 11758
2021-01-24 15:21:36.795, 2021-01-24 15:21:57.886, 21, Score Voting, Vote 15, 11758
2021-01-24 15:22:02.669, 2021-01-24 15:22:17.799, 15, Modified Borda Count, Vote 16, 11758
2021-07-21 23:17:24.894, 2021-07-21 23:17:27.344, 2, Score Voting, Vote 15, 12518
2021-07-21 23:22:53.931, 2021-07-21 23:22:58.207, 4, Modified Borda Count, Vote 16, 12518
2021-01-25 14:47:07.693, 2021-01-25 14:47:31.291, 23, Majority Voting, Vote 01, 12744
2021-01-25 14:47:36.612, 2021-01-25 14:48:19.733, 43, Combined Approval, Vote 02, 12744
2021-01-25 14:48:25.130, 2021-01-25 14:48:50.645, 25, Score Voting, Vote 03, 12744
2021-01-25 14:48:55.625, 2021-01-25 14:50:31.712, 96, Modified Borda Count, Vote 04, 12744
2021-01-25 14:50:36.964, 2021-01-25 14:51:19.861, 42, Majority Voting, Vote 05, 12744
2021-01-25 14:51:24.788, 2021-01-25 14:51:52.463, 27, Combined Approval, Vote 06, 12744
2021-01-25 14:51:59.038, 2021-01-25 14:52:33.612, 34, Score Voting, Vote 07, 12744
2021-01-25 14:52:38.588, 2021-01-25 14:53:12.041, 33, Modified Borda Count, Vote 08, 12744
2021-01-25 14:53:17.391, 2021-01-25 14:53:46.963, 29, Majority Voting, Vote 09, 12744
2021-01-25 14:53:52.387, 2021-01-25 14:53:58.770, 6, Combined Approval, Vote 10, 12744
2021-01-25 14:54:03.888, 2021-01-25 14:54:28.029, 24, Score Voting, Vote 11, 12744
2021-01-25 14:54:32.872, 2021-01-25 14:54:54.114, 21, Modified Borda Count, Vote 12, 12744
2021-01-25 14:54:59.083, 2021-01-25 14:55:14.989, 15, Majority Voting, Vote 13, 12744
2021-01-25 14:55:19.858, 2021-01-25 14:55:48.490, 28, Combined Approval, Vote 14, 12744
2021-01-25 14:55:54.523, 2021-01-25 14:56:14.725, 20, Score Voting, Vote 15, 12744
2021-01-25 14:56:19.719, 2021-01-25 14:56:56.677, 36, Modified Borda Count, Vote 16, 12744
2021-01-19 21:28:51.953, 2021-01-19 21:29:03.157, 11, Majority Voting, Vote 01, 14467
2021-01-19 21:29:10.182, 2021-01-19 21:29:34.464, 24, Combined Approval, Vote 02, 14467
2021-01-19 21:29:39.289, 2021-01-19 21:29:55.634, 16, Score Voting, Vote 03, 14467
2021-01-19 21:30:00.435, 2021-01-19 21:30:21.558, 21, Modified Borda Count, Vote 04, 14467
2021-01-19 21:30:26.318, 2021-01-19 21:30:45.148, 18, Majority Voting, Vote 05, 14467
2021-01-19 21:30:49.929, 2021-01-19 21:31:02.717, 12, Combined Approval, Vote 06, 14467
2021-01-19 21:31:07.402, 2021-01-19 21:31:12.838, 5, Score Voting, Vote 07, 14467
2021-01-19 21:31:17.534, 2021-01-19 21:31:25.009, 7, Modified Borda Count, Vote 08, 14467
2021-01-19 21:31:29.562, 2021-01-19 21:31:37.663, 8, Majority Voting, Vote 09, 14467
2021-01-19 21:31:42.390, 2021-01-19 21:31:50.803, 8, Combined Approval, Vote 10, 14467
2021-01-19 21:31:55.512, 2021-01-19 21:32:15.541, 20, Score Voting, Vote 11, 14467
2021-01-19 21:32:20.362, 2021-01-19 21:32:32.947, 12, Modified Borda Count, Vote 12, 14467
2021-01-19 21:32:37.760, 2021-01-19 21:32:44.536, 6, Majority Voting, Vote 13, 14467
2021-01-19 21:32:49.337, 2021-01-19 21:32:52.341, 3, Combined Approval, Vote 14, 14467
2021-01-19 21:32:56.927, 2021-01-19 21:33:06.879, 9, Score Voting, Vote 15, 14467
2021-01-19 21:33:11.451, 2021-01-19 21:33:20.269, 8, Modified Borda Count, Vote 16, 14467
2021-07-23 17:12:19.815, 2021-07-23 17:15:37.286, 197, Majority Voting, Vote 01, 16944
2021-07-23 17:15:42.548, 2021-07-23 17:16:17.081, 34, Combined Approval, Vote 02, 16944
2021-07-23 17:16:22.199, 2021-07-23 17:16:55.632, 33, Score Voting, Vote 03, 16944
2021-07-23 17:17:01.475, 2021-07-23 17:18:13.120, 71, Modified Borda Count, Vote 04, 16944
2021-07-23 17:18:18.368, 2021-07-23 17:18:25.310, 6, Majority Voting, Vote 05, 16944
2021-07-23 17:18:30.445, 2021-07-23 17:18:47.759, 17, Combined Approval, Vote 06, 16944
2021-07-23 17:18:53.649, 2021-07-23 17:19:03.609, 9, Score Voting, Vote 07, 16944
2021-07-23 17:19:08.668, 2021-07-23 17:19:29.130, 20, Modified Borda Count, Vote 08, 16944
2021-07-23 17:19:34.644, 2021-07-23 17:19:46.374, 11, Majority Voting, Vote 09, 16944
2021-07-23 17:19:51.453, 2021-07-23 17:20:03.468, 12, Combined Approval, Vote 10, 16944
2021-07-23 17:20:08.632, 2021-07-23 17:20:44.443, 35, Score Voting, Vote 11, 16944
2021-07-23 17:20:49.464, 2021-07-23 17:21:11.190, 21, Modified Borda Count, Vote 12, 16944
2021-07-23 17:21:16.481, 2021-07-23 17:21:34.923, 18, Majority Voting, Vote 13, 16944
2021-07-23 17:21:39.903, 2021-07-23 17:21:58.287, 18, Combined Approval, Vote 14, 16944
2021-07-23 17:22:03.095, 2021-07-23 17:22:49.145, 46, Score Voting, Vote 15, 16944
2021-07-23 17:22:54.036, 2021-07-23 17:23:31.055, 37, Modified Borda Count, Vote 16, 16944
2021-07-23 17:09:05.193, 2021-07-23 17:09:55.043, 49, Majority Voting, Vote 01, 23757
2021-07-23 17:10:00.720, 2021-07-23 17:10:28.280, 27, Combined Approval, Vote 02, 23757
2021-07-23 17:10:33.696, 2021-07-23 17:11:01.354, 27, Score Voting, Vote 03, 23757
2021-07-23 17:11:08.105, 2021-07-23 17:11:56.559, 48, Modified Borda Count, Vote 04, 23757
2021-07-23 17:12:01.889, 2021-07-23 17:12:30.110, 28, Majority Voting, Vote 05, 23757
2021-07-23 17:12:35.347, 2021-07-23 17:13:01.600, 26, Combined Approval, Vote 06, 23757
2021-07-23 17:13:06.814, 2021-07-23 17:13:48.366, 41, Score Voting, Vote 07, 23757
2021-07-23 17:13:53.512, 2021-07-23 17:14:18.657, 25, Modified Borda Count, Vote 08, 23757
2021-07-23 17:14:23.824, 2021-07-23 17:14:58.798, 34, Majority Voting, Vote 09, 23757
2021-07-23 17:15:04.036, 2021-07-23 17:15:17.030, 12, Combined Approval, Vote 10, 23757
2021-07-23 17:15:23.325, 2021-07-23 17:16:19.964, 56, Score Voting, Vote 11, 23757
2021-07-23 17:16:25.058, 2021-07-23 17:16:44.523, 19, Modified Borda Count, Vote 12, 23757
2021-07-23 17:16:49.817, 2021-07-23 17:17:43.990, 54, Majority Voting, Vote 13, 23757
2021-07-23 17:20:33.757, 2021-07-23 17:20:51.365, 17, Combined Approval, Vote 14, 23757
2021-07-23 17:20:58.964, 2021-07-23 17:21:19.276, 20, Score Voting, Vote 15, 23757
2021-07-23 17:21:24.490, 2021-07-23 17:21:46.887, 22, Modified Borda Count, Vote 16, 23757
2021-01-20 09:16:11.773, 2021-01-20 09:16:50.741, 38, Majority Voting, Vote 01, 27972
2021-01-20 09:16:56.564, 2021-01-20 09:17:15.778, 19, Combined Approval, Vote 02, 27972
2021-01-20 09:17:21.083, 2021-01-20 09:17:56.927, 35, Score Voting, Vote 03, 27972
2021-01-20 09:18:02.051, 2021-01-20 09:19:21.340, 79, Modified Borda Count, Vote 04, 27972
2021-01-20 09:19:28.300, 2021-01-20 09:19:55.367, 27, Majority Voting, Vote 05, 27972
2021-01-20 09:20:00.479, 2021-01-20 09:20:14.823, 14, Combined Approval, Vote 06, 27972
2021-01-20 09:20:20.217, 2021-01-20 09:20:40.815, 20, Score Voting, Vote 07, 27972
2021-01-20 09:20:45.894, 2021-01-20 09:21:13.462, 27, Modified Borda Count, Vote 08, 27972
2021-01-20 09:21:19.380, 2021-01-20 09:21:30.507, 11, Majority Voting, Vote 09, 27972
2021-01-20 09:21:35.721, 2021-01-20 09:21:52.245, 16, Combined Approval, Vote 10, 27972
2021-01-20 09:21:57.292, 2021-01-20 09:22:15.774, 18, Score Voting, Vote 11, 27972
2021-01-20 09:22:21.061, 2021-01-20 09:22:35.945, 14, Modified Borda Count, Vote 12, 27972
2021-01-20 09:22:41.082, 2021-01-20 09:22:55.068, 13, Majority Voting, Vote 13, 27972
2021-01-20 09:23:03.170, 2021-01-20 09:23:16.754, 13, Combined Approval, Vote 14, 27972
2021-01-20 09:23:21.693, 2021-01-20 09:23:37.976, 16, Score Voting, Vote 15, 27972
2021-01-20 09:23:42.911, 2021-01-20 09:24:04.103, 21, Modified Borda Count, Vote 16, 27972
2021-01-20 19:59:06.813, 2021-01-20 19:59:14.640, 7, Majority Voting, Vote 01, 32359
2021-01-20 19:59:51.894, 2021-01-20 20:00:09.516, 17, Combined Approval, Vote 02, 32359
2021-01-20 20:00:16.415, 2021-01-20 20:01:09.347, 52, Score Voting, Vote 03, 32359
2021-01-20 20:01:23.141, 2021-01-20 20:02:43.340, 80, Modified Borda Count, Vote 04, 32359
2021-01-20 20:02:49.081, 2021-01-20 20:04:59.940, 130, Majority Voting, Vote 05, 32359
2021-01-20 20:05:06.608, 2021-01-20 20:06:38.971, 92, Combined Approval, Vote 06, 32359
2021-01-20 20:06:50.210, 2021-01-20 20:07:16.143, 25, Score Voting, Vote 07, 32359
2021-01-20 20:07:23.134, 2021-01-20 20:07:39.878, 16, Modified Borda Count, Vote 08, 32359
2021-01-20 20:07:47.350, 2021-01-20 20:08:54.338, 66, Majority Voting, Vote 09, 32359
2021-01-20 20:09:01.397, 2021-01-20 20:09:23.576, 22, Combined Approval, Vote 10, 32359
2021-01-20 20:09:29.952, 2021-01-20 20:09:40.038, 10, Score Voting, Vote 11, 32359
2021-01-20 20:09:48.895, 2021-01-20 20:10:06.502, 17, Modified Borda Count, Vote 12, 32359
2021-01-20 20:10:13.708, 2021-01-20 20:11:18.272, 64, Majority Voting, Vote 13, 32359
2021-01-20 20:12:21.201, 2021-01-20 20:12:48.011, 26, Combined Approval, Vote 14, 32359
2021-01-20 20:12:55.034, 2021-01-20 20:13:07.158, 12, Score Voting, Vote 15, 32359
2021-01-20 20:13:15.083, 2021-01-20 20:13:27.677, 12, Modified Borda Count, Vote 16, 32359
2021-07-23 17:25:31.863, 2021-07-23 17:26:05.741, 33, Majority Voting, Vote 01, 36475
2021-07-23 17:26:11.202, 2021-07-23 17:26:39.363, 28, Combined Approval, Vote 02, 36475
2021-07-23 17:26:44.233, 2021-07-23 17:27:12.626, 28, Score Voting, Vote 03, 36475
2021-07-23 17:27:17.569, 2021-07-23 17:28:33.100, 75, Modified Borda Count, Vote 04, 36475
2021-07-23 17:28:39.191, 2021-07-23 17:29:32.705, 53, Majority Voting, Vote 05, 36475
2021-07-23 17:29:37.808, 2021-07-23 17:30:02.928, 25, Combined Approval, Vote 06, 36475
2021-07-23 17:30:08.220, 2021-07-23 17:30:20.768, 12, Score Voting, Vote 07, 36475
2021-07-23 17:30:25.884, 2021-07-23 17:30:50.913, 25, Modified Borda Count, Vote 08, 36475
2021-07-23 17:30:55.862, 2021-07-23 17:31:03.977, 8, Majority Voting, Vote 09, 36475
2021-07-23 17:31:08.858, 2021-07-23 17:31:19.465, 10, Combined Approval, Vote 10, 36475
2021-07-23 17:31:24.397, 2021-07-23 17:31:38.543, 14, Score Voting, Vote 11, 36475
2021-07-23 17:31:43.464, 2021-07-23 17:32:01.719, 18, Modified Borda Count, Vote 12, 36475
2021-07-23 17:32:06.643, 2021-07-23 17:32:36.395, 29, Majority Voting, Vote 13, 36475
2021-07-23 17:32:41.297, 2021-07-23 17:32:54.564, 13, Combined Approval, Vote 14, 36475
2021-07-23 17:32:59.430, 2021-07-23 17:33:15.026, 15, Score Voting, Vote 15, 36475
2021-07-23 17:33:19.931, 2021-07-23 17:33:40.971, 21, Modified Borda Count, Vote 16, 36475
2021-07-23 17:29:01.620, 2021-07-23 17:29:50.793, 49, Majority Voting, Vote 01, 43263
2021-07-23 17:29:56.451, 2021-07-23 17:30:26.816, 30, Combined Approval, Vote 02, 43263
2021-07-23 17:30:35.627, 2021-07-23 17:31:30.614, 54, Score Voting, Vote 03, 43263
2021-07-23 17:31:35.465, 2021-07-23 17:32:41.942, 66, Modified Borda Count, Vote 04, 43263
2021-07-23 17:32:47.076, 2021-07-23 17:33:48.645, 61, Majority Voting, Vote 05, 43263
2021-07-23 17:33:54.508, 2021-07-23 17:34:52.907, 58, Combined Approval, Vote 06, 43263
2021-07-23 17:34:57.999, 2021-07-23 17:35:17.656, 19, Score Voting, Vote 07, 43263
2021-07-23 17:35:22.681, 2021-07-23 17:35:48.201, 25, Modified Borda Count, Vote 08, 43263
2021-07-23 17:35:52.985, 2021-07-23 17:36:20.165, 27, Majority Voting, Vote 09, 43263
2021-07-23 17:36:25.145, 2021-07-23 17:36:33.628, 8, Combined Approval, Vote 10, 43263
2021-07-23 17:36:38.863, 2021-07-23 17:36:56.224, 17, Score Voting, Vote 11, 43263
2021-01-19 21:06:04.883, 2021-01-19 21:06:43.485, 38, Majority Voting, Vote 01, 54511
2021-01-19 21:06:48.675, 2021-01-19 21:07:02.776, 14, Combined Approval, Vote 02, 54511
2021-01-19 21:07:07.708, 2021-01-19 21:07:20.430, 12, Score Voting, Vote 03, 54511
2021-01-19 21:07:25.372, 2021-01-19 21:08:19.789, 54, Modified Borda Count, Vote 04, 54511
2021-01-19 21:08:24.667, 2021-01-19 21:08:50.335, 25, Majority Voting, Vote 05, 54511
2021-01-19 21:08:55.139, 2021-01-19 21:09:08.856, 13, Combined Approval, Vote 06, 54511
2021-01-19 21:09:13.666, 2021-01-19 21:09:24.585, 10, Score Voting, Vote 07, 54511
2021-01-19 21:09:29.049, 2021-01-19 21:09:41.111, 12, Modified Borda Count, Vote 08, 54511
2021-01-19 21:09:45.980, 2021-01-19 21:09:54.773, 8, Majority Voting, Vote 09, 54511
2021-01-19 21:09:59.578, 2021-01-19 21:10:23.015, 23, Combined Approval, Vote 10, 54511
2021-01-19 21:10:27.765, 2021-01-19 21:10:38.333, 10, Score Voting, Vote 11, 54511
2021-01-19 21:10:43.015, 2021-01-19 21:10:53.393, 10, Modified Borda Count, Vote 12, 54511
2021-01-19 21:10:58.067, 2021-01-19 21:11:10.790, 12, Majority Voting, Vote 13, 54511
2021-01-19 21:11:15.751, 2021-01-19 21:11:41.067, 25, Combined Approval, Vote 14, 54511
2021-01-19 21:11:45.806, 2021-01-19 21:11:55.126, 9, Score Voting, Vote 15, 54511
2021-01-19 21:11:59.832, 2021-01-19 21:12:14.503, 14, Modified Borda Count, Vote 16, 54511
2021-01-23 12:36:13.632, 2021-01-23 12:36:16.488, 2, Majority Voting, Vote 01, 56932
2021-01-23 12:34:45.565, 2021-01-23 12:35:00.699, 15, Combined Approval, Vote 02, 56932
2021-01-23 12:35:20.675, 2021-01-23 12:35:31.208, 10, Score Voting, Vote 03, 56932
2021-01-23 12:35:39.655, 2021-01-23 12:35:52.384, 12, Modified Borda Count, Vote 04, 56932
2021-01-23 12:35:58.459, 2021-01-23 12:36:08.650, 10, Majority Voting, Vote 05, 56932
2021-01-23 12:36:22.123, 2021-01-23 12:36:36.210, 14, Combined Approval, Vote 06, 56932
2021-01-20 19:24:47.461, 2021-01-20 19:25:30.670, 43, Majority Voting, Vote 01, 57788
2021-01-20 19:25:35.911, 2021-01-20 19:25:50.099, 14, Combined Approval, Vote 02, 57788
2021-01-20 19:25:54.987, 2021-01-20 19:26:16.826, 21, Score Voting, Vote 03, 57788
2021-01-20 19:26:21.554, 2021-01-20 19:26:48.988, 27, Modified Borda Count, Vote 04, 57788
2021-01-20 19:26:53.826, 2021-01-20 19:28:12.915, 79, Majority Voting, Vote 05, 57788
2021-01-20 19:28:17.696, 2021-01-20 19:28:44.373, 26, Combined Approval, Vote 06, 57788
2021-01-20 19:28:49.203, 2021-01-20 19:29:04.076, 14, Score Voting, Vote 07, 57788
2021-01-28 18:22:52.254, 2021-01-28 18:23:23.153, 30, Modified Borda Count, Vote 08, 57788
2021-01-28 18:23:28.097, 2021-01-28 18:23:39.039, 10, Majority Voting, Vote 09, 57788
2021-01-28 18:23:43.877, 2021-01-28 18:23:53.365, 9, Combined Approval, Vote 10, 57788
2021-01-28 18:23:58.232, 2021-01-28 18:24:07.294, 9, Score Voting, Vote 11, 57788
2021-01-28 18:24:12.084, 2021-01-28 18:24:30.141, 18, Modified Borda Count, Vote 12, 57788
2021-01-28 18:24:34.850, 2021-01-28 18:24:52.198, 17, Majority Voting, Vote 13, 57788
2021-01-28 18:24:56.953, 2021-01-28 18:25:01.536, 4, Combined Approval, Vote 14, 57788
2021-01-28 18:25:06.292, 2021-01-28 18:25:18.501, 12, Score Voting, Vote 15, 57788
2021-01-28 18:25:23.241, 2021-01-28 18:25:29.861, 6, Modified Borda Count, Vote 16, 57788
2021-07-23 17:15:43.321, 2021-07-23 17:16:44.387, 61, Majority Voting, Vote 01, 61731
2021-07-23 17:16:50.183, 2021-07-23 17:17:33.906, 43, Combined Approval, Vote 02, 61731
2021-07-23 17:17:39.963, 2021-07-23 17:18:14.579, 34, Score Voting, Vote 03, 61731
2021-07-23 17:18:20.385, 2021-07-23 17:19:20.277, 59, Modified Borda Count, Vote 04, 61731
2021-07-23 17:19:25.571, 2021-07-23 17:19:48.735, 23, Majority Voting, Vote 05, 61731
2021-07-23 17:19:55.264, 2021-07-23 17:20:13.227, 17, Combined Approval, Vote 06, 61731
2021-07-23 17:20:18.214, 2021-07-23 17:20:55.050, 36, Score Voting, Vote 07, 61731
2021-07-23 17:21:01.163, 2021-07-23 17:21:16.626, 15, Modified Borda Count, Vote 08, 61731
2021-07-23 17:21:21.892, 2021-07-23 17:21:44.152, 22, Majority Voting, Vote 09, 61731
2021-07-23 17:21:49.319, 2021-07-23 17:22:06.712, 17, Combined Approval, Vote 10, 61731
2021-07-23 17:22:12.085, 2021-07-23 17:22:34.088, 22, Score Voting, Vote 11, 61731
2021-07-23 17:22:39.132, 2021-07-23 17:22:59.614, 20, Modified Borda Count, Vote 12, 61731
2021-07-23 17:23:06.082, 2021-07-23 17:23:34.312, 28, Majority Voting, Vote 13, 61731
2021-07-23 17:23:39.427, 2021-07-23 17:24:00.831, 21, Combined Approval, Vote 14, 61731
2021-07-23 17:24:05.885, 2021-07-23 17:24:30.573, 24, Score Voting, Vote 15, 61731
2021-07-23 17:24:35.937, 2021-07-23 17:24:58.097, 22, Modified Borda Count, Vote 16, 61731
2021-07-23 16:22:30.747, 2021-07-23 16:23:07.218, 36, Majority Voting, Vote 01, 71632
2021-07-23 16:23:13.384, 2021-07-23 16:23:52.227, 38, Combined Approval, Vote 02, 71632
2021-07-23 16:23:57.268, 2021-07-23 16:24:23.082, 25, Score Voting, Vote 03, 71632
2021-07-23 16:24:39.851, 2021-07-23 16:25:47.404, 67, Modified Borda Count, Vote 04, 71632
2021-07-23 16:25:52.530, 2021-07-23 16:27:16.323, 83, Majority Voting, Vote 05, 71632
2021-07-23 16:27:21.549, 2021-07-23 16:27:48.896, 27, Combined Approval, Vote 06, 71632
2021-07-23 16:27:53.728, 2021-07-23 16:28:12.619, 18, Score Voting, Vote 07, 71632
2021-07-23 16:28:17.437, 2021-07-23 16:28:36.432, 18, Modified Borda Count, Vote 08, 71632
2021-07-23 16:28:42.056, 2021-07-23 16:29:24.056, 42, Majority Voting, Vote 09, 71632
2021-07-23 16:29:36.820, 2021-07-23 16:29:47.515, 10, Combined Approval, Vote 10, 71632
2021-07-23 16:29:53.001, 2021-07-23 16:30:09.364, 16, Score Voting, Vote 11, 71632
2021-07-23 16:30:15.438, 2021-07-23 16:30:28.712, 13, Modified Borda Count, Vote 12, 71632
2021-07-23 16:30:59.716, 2021-07-23 16:32:29.550, 89, Majority Voting, Vote 13, 71632
2021-07-23 16:32:34.453, 2021-07-23 16:32:42.122, 7, Combined Approval, Vote 14, 71632
2021-07-23 16:32:47.341, 2021-07-23 16:33:12.128, 24, Score Voting, Vote 15, 71632
2021-07-23 16:33:17.097, 2021-07-23 16:34:02.498, 45, Modified Borda Count, Vote 16, 71632
2021-06-15 22:59:32.242, 2021-06-15 22:59:49.728, 17, Majority Voting, Vote 01, 71672
2021-06-15 23:00:02.909, 2021-06-15 23:00:08.908, 5, Combined Approval, Vote 02, 71672
2021-06-15 22:59:54.464, 2021-06-15 22:59:57.621, 3, Score Voting, Vote 03, 71672
2021-06-15 23:00:31.451, 2021-06-15 23:00:34.440, 2, Combined Approval, Vote 14, 71672
2021-06-15 23:00:15.335, 2021-06-15 23:00:24.042, 8, Score Voting, Vote 15, 71672
2021-07-21 15:16:41.957, 2021-07-21 15:16:47.307, 5, Score Voting, Vote 07, 71795
2021-07-21 15:17:26.819, 2021-07-21 15:17:30.035, 3, Majority Voting, Vote 09, 71795
2021-07-21 15:16:52.129, 2021-07-21 15:16:55.412, 3, Combined Approval, Vote 10, 71795
2021-07-21 15:17:35.547, 2021-07-21 15:17:38.476, 2, Score Voting, Vote 11, 71795
2021-07-21 15:17:43.993, 2021-07-21 15:17:49.075, 5, Modified Borda Count, Vote 12, 71795
2021-07-21 15:17:55.026, 2021-07-21 15:17:57.076, 2, Majority Voting, Vote 13, 71795
2021-07-21 15:17:16.748, 2021-07-21 15:17:20.267, 3, Combined Approval, Vote 14, 71795
2021-07-21 15:18:02.204, 2021-07-21 15:18:04.237, 2, Score Voting, Vote 15, 71795
2021-07-21 15:18:09.242, 2021-07-21 15:18:12.524, 3, Modified Borda Count, Vote 16, 71795
2021-01-29 09:12:14.112, 2021-01-29 09:12:43.396, 29, Majority Voting, Vote 01, 73657
2021-01-29 09:12:49.034, 2021-01-29 09:13:14.023, 24, Combined Approval, Vote 02, 73657
2021-01-29 09:13:19.299, 2021-01-29 09:13:43.425, 24, Score Voting, Vote 03, 73657
2021-01-29 09:13:48.541, 2021-01-29 09:14:33.918, 45, Modified Borda Count, Vote 04, 73657
2021-01-29 09:14:40.610, 2021-01-29 09:15:38.415, 57, Majority Voting, Vote 05, 73657
2021-01-29 09:15:43.592, 2021-01-29 09:16:13.930, 30, Combined Approval, Vote 06, 73657
2021-01-29 09:16:20.895, 2021-01-29 09:16:38.964, 18, Score Voting, Vote 07, 73657
2021-01-29 09:16:44.260, 2021-01-29 09:16:57.857, 13, Modified Borda Count, Vote 08, 73657
2021-01-29 09:17:02.743, 2021-01-29 09:17:11.619, 8, Majority Voting, Vote 09, 73657
2021-01-29 09:17:16.792, 2021-01-29 09:17:32.073, 15, Combined Approval, Vote 10, 73657
2021-01-29 09:17:37.273, 2021-01-29 09:17:54.207, 16, Score Voting, Vote 11, 73657
2021-01-29 09:17:59.145, 2021-01-29 09:18:10.943, 11, Modified Borda Count, Vote 12, 73657
2021-01-29 09:18:15.947, 2021-01-29 09:18:32.895, 16, Majority Voting, Vote 13, 73657
2021-01-29 09:18:38.056, 2021-01-29 09:19:02.126, 24, Combined Approval, Vote 14, 73657
2021-01-29 09:19:06.663, 2021-01-29 09:19:26.860, 20, Score Voting, Vote 15, 73657
2021-01-29 09:19:31.350, 2021-01-29 09:19:51.042, 19, Modified Borda Count, Vote 16, 73657
2021-01-19 19:54:31.830, 2021-01-19 19:54:46.187, 14, Majority Voting, Vote 01, 76917
2021-01-19 19:54:51.932, 2021-01-19 19:55:33.191, 41, Combined Approval, Vote 02, 76917
2021-01-20 09:53:27.049, 2021-01-20 09:53:50.962, 23, Score Voting, Vote 03, 76917
2021-01-20 09:53:56.327, 2021-01-20 09:54:36.372, 40, Modified Borda Count, Vote 04, 76917
2021-01-20 09:54:41.721, 2021-01-20 09:55:08.072, 26, Majority Voting, Vote 05, 76917
2021-01-20 09:55:13.152, 2021-01-20 09:55:32.066, 18, Combined Approval, Vote 06, 76917
2021-01-20 09:55:37.306, 2021-01-20 09:55:59.216, 21, Score Voting, Vote 07, 76917
2021-01-20 09:56:05.796, 2021-01-20 09:56:14.750, 8, Modified Borda Count, Vote 08, 76917
2021-01-20 09:56:21.018, 2021-01-20 09:56:30.364, 9, Majority Voting, Vote 09, 76917
2021-01-20 09:56:35.424, 2021-01-20 09:56:46.748, 11, Combined Approval, Vote 10, 76917
2021-01-20 09:56:51.738, 2021-01-20 09:57:08.244, 16, Score Voting, Vote 11, 76917
2021-01-20 09:57:13.421, 2021-01-20 09:58:26.891, 73, Modified Borda Count, Vote 12, 76917
2021-01-20 09:58:31.824, 2021-01-20 09:58:47.471, 15, Majority Voting, Vote 13, 76917
2021-01-20 09:59:06.826, 2021-01-20 09:59:29.152, 22, Combined Approval, Vote 14, 76917
2021-01-20 09:59:34.058, 2021-01-20 09:59:43.859, 9, Score Voting, Vote 15, 76917
2021-01-20 09:59:48.681, 2021-01-20 10:00:06.472, 17, Modified Borda Count, Vote 16, 76917
2021-01-19 22:05:17.677, 2021-01-19 22:05:43.580, 25, Majority Voting, Vote 01, 81674
2021-01-19 22:05:59.636, 2021-01-19 22:06:35.630, 35, Combined Approval, Vote 02, 81674
2021-01-19 22:06:40.815, 2021-01-19 22:07:15.549, 34, Score Voting, Vote 03, 81674
2021-01-19 22:07:20.673, 2021-01-19 22:08:14.636, 53, Modified Borda Count, Vote 04, 81674
2021-01-19 22:08:19.656, 2021-01-19 22:09:58.613, 98, Majority Voting, Vote 05, 81674
2021-01-19 22:10:04.375, 2021-01-19 22:10:29.995, 25, Combined Approval, Vote 06, 81674
2021-01-19 22:10:34.856, 2021-01-19 22:10:59.896, 25, Score Voting, Vote 07, 81674
2021-01-19 22:11:07.376, 2021-01-19 22:11:17.853, 10, Modified Borda Count, Vote 08, 81674
2021-01-19 22:11:22.881, 2021-01-19 22:11:35.263, 12, Majority Voting, Vote 09, 81674
2021-01-19 22:11:40.911, 2021-01-19 22:12:14.890, 33, Combined Approval, Vote 10, 81674
2021-01-19 22:12:19.752, 2021-01-19 22:12:47.032, 27, Score Voting, Vote 11, 81674
2021-01-19 22:12:52.140, 2021-01-19 22:13:03.753, 11, Modified Borda Count, Vote 12, 81674
2021-01-19 22:13:08.849, 2021-01-19 22:13:31.357, 22, Majority Voting, Vote 13, 81674
2021-01-19 22:13:36.471, 2021-01-19 22:13:52.182, 15, Combined Approval, Vote 14, 81674
2021-01-19 22:13:57.130, 2021-01-19 22:14:08.829, 11, Score Voting, Vote 15, 81674
2021-01-19 22:14:13.609, 2021-01-19 22:14:25.783, 12, Modified Borda Count, Vote 16, 81674
2021-01-20 11:40:10.065, 2021-01-20 11:41:06.937, 56, Majority Voting, Vote 01, 82143
2021-01-20 11:41:12.675, 2021-01-20 11:41:34.792, 22, Combined Approval, Vote 02, 82143
2021-01-20 11:41:40.241, 2021-01-20 11:42:38.345, 58, Score Voting, Vote 03, 82143
2021-01-20 11:42:43.744, 2021-01-20 11:44:09.689, 85, Modified Borda Count, Vote 04, 82143
2021-01-20 11:44:17.404, 2021-01-20 11:45:45.311, 87, Majority Voting, Vote 05, 82143
2021-01-20 11:45:51.141, 2021-01-20 11:46:41.401, 50, Combined Approval, Vote 06, 82143
2021-01-20 11:46:46.377, 2021-01-20 11:47:27.620, 41, Score Voting, Vote 07, 82143
2021-01-20 11:47:32.462, 2021-01-20 11:47:46.442, 13, Modified Borda Count, Vote 08, 82143
2021-01-20 11:47:52.707, 2021-01-20 11:48:20.165, 27, Majority Voting, Vote 09, 82143
2021-01-20 11:48:27.701, 2021-01-20 11:48:41.834, 14, Combined Approval, Vote 10, 82143
2021-01-20 11:48:47.920, 2021-01-20 11:49:13.111, 25, Score Voting, Vote 11, 82143
2021-01-20 11:49:19.335, 2021-01-20 11:49:31.607, 12, Modified Borda Count, Vote 12, 82143
2021-01-20 11:49:43.912, 2021-01-20 11:50:36.754, 52, Majority Voting, Vote 13, 82143
2021-01-20 11:50:41.244, 2021-01-20 11:50:54.348, 13, Combined Approval, Vote 14, 82143
2021-01-20 11:50:59.390, 2021-01-20 11:51:16.731, 17, Score Voting, Vote 15, 82143
2021-01-20 11:51:21.560, 2021-01-20 11:51:34.883, 13, Modified Borda Count, Vote 16, 82143
2021-01-19 09:46:01.789, 2021-01-19 09:46:50.783, 48, Majority Voting, Vote 01, 83559
2021-01-19 09:46:56.216, 2021-01-19 09:48:06.278, 70, Combined Approval, Vote 02, 83559
2021-01-19 09:48:11.172, 2021-01-19 09:50:09.579, 118, Score Voting, Vote 03, 83559
2021-01-19 09:50:14.754, 2021-01-19 09:52:16.067, 121, Modified Borda Count, Vote 04, 83559
2021-01-19 09:52:20.987, 2021-01-19 09:54:03.407, 102, Majority Voting, Vote 05, 83559
2021-01-19 09:54:08.838, 2021-01-19 09:55:41.612, 92, Combined Approval, Vote 06, 83559
2021-01-19 09:55:47.046, 2021-01-19 09:56:32.778, 45, Score Voting, Vote 07, 83559
2021-01-19 09:56:37.923, 2021-01-19 09:56:44.208, 6, Modified Borda Count, Vote 08, 83559
2021-01-19 09:56:50.471, 2021-01-19 09:57:39.304, 48, Majority Voting, Vote 09, 83559
2021-01-19 09:57:44.390, 2021-01-19 09:58:01.780, 17, Combined Approval, Vote 10, 83559
2021-01-19 09:58:06.864, 2021-01-19 09:58:47.390, 40, Score Voting, Vote 11, 83559
2021-01-19 09:58:52.628, 2021-01-19 09:59:27.724, 35, Modified Borda Count, Vote 12, 83559
2021-01-19 09:59:32.859, 2021-01-19 09:59:51.788, 18, Majority Voting, Vote 13, 83559
2021-01-19 09:59:56.738, 2021-01-19 10:00:28.010, 31, Combined Approval, Vote 14, 83559
2021-01-19 10:00:33.136, 2021-01-19 10:01:06.354, 33, Score Voting, Vote 15, 83559
2021-01-19 10:01:11.533, 2021-01-19 10:01:29.116, 17, Modified Borda Count, Vote 16, 83559
2021-07-23 17:21:41.644, 2021-07-23 17:22:18.767, 37, Majority Voting, Vote 01, 83792
2021-07-23 17:22:24.098, 2021-07-23 17:22:48.861, 24, Combined Approval, Vote 02, 83792
2021-07-23 17:22:54.097, 2021-07-23 17:23:37.331, 43, Score Voting, Vote 03, 83792
2021-07-23 17:23:42.446, 2021-07-23 17:24:12.627, 30, Modified Borda Count, Vote 04, 83792
2021-07-23 17:24:17.470, 2021-07-23 17:24:30.651, 13, Majority Voting, Vote 05, 83792
2021-07-23 17:24:35.591, 2021-07-23 17:25:06.792, 31, Combined Approval, Vote 06, 83792
2021-07-23 17:25:11.834, 2021-07-23 17:25:55.687, 43, Score Voting, Vote 07, 83792
2021-07-23 17:26:00.519, 2021-07-23 17:26:19.535, 19, Modified Borda Count, Vote 08, 83792
2021-07-23 17:26:24.735, 2021-07-23 17:26:37.171, 12, Majority Voting, Vote 09, 83792
2021-07-23 17:26:42.021, 2021-07-23 17:26:53.912, 11, Combined Approval, Vote 10, 83792
2021-07-23 17:26:58.848, 2021-07-23 17:27:22.652, 23, Score Voting, Vote 11, 83792
2021-07-23 17:27:28.316, 2021-07-23 17:27:45.352, 17, Modified Borda Count, Vote 12, 83792
2021-07-23 17:27:50.251, 2021-07-23 17:28:05.676, 15, Majority Voting, Vote 13, 83792
2021-07-23 17:28:10.628, 2021-07-23 17:28:39.537, 28, Combined Approval, Vote 14, 83792
2021-07-23 17:28:44.476, 2021-07-23 17:29:04.608, 20, Score Voting, Vote 15, 83792
2021-07-23 17:29:09.616, 2021-07-23 17:29:32.491, 22, Modified Borda Count, Vote 16, 83792
2021-07-23 17:26:29.180, 2021-07-23 17:27:18.787, 49, Majority Voting, Vote 01, 83896
2021-07-23 17:27:24.034, 2021-07-23 17:28:13.960, 49, Combined Approval, Vote 02, 83896
2021-07-23 17:28:19.245, 2021-07-23 17:29:12.608, 53, Score Voting, Vote 03, 83896
2021-07-23 17:29:17.746, 2021-07-23 17:30:08.545, 50, Modified Borda Count, Vote 04, 83896
2021-07-23 17:30:15.849, 2021-07-23 17:30:57.801, 41, Majority Voting, Vote 05, 83896
2021-07-23 17:31:03.094, 2021-07-23 17:31:34.931, 31, Combined Approval, Vote 06, 83896
2021-07-23 17:31:40.054, 2021-07-23 17:32:20.456, 40, Score Voting, Vote 07, 83896
2021-07-23 17:32:25.495, 2021-07-23 17:32:57.766, 32, Modified Borda Count, Vote 08, 83896
2021-07-23 17:33:02.911, 2021-07-23 17:33:18.122, 15, Majority Voting, Vote 09, 83896
2021-07-23 17:33:23.275, 2021-07-23 17:33:29.670, 6, Combined Approval, Vote 10, 83896
2021-07-23 17:33:36.380, 2021-07-23 17:33:54.704, 18, Score Voting, Vote 11, 83896
2021-07-23 17:34:00.249, 2021-07-23 17:34:35.282, 35, Modified Borda Count, Vote 12, 83896
2021-07-23 17:34:40.234, 2021-07-23 17:35:11.015, 30, Majority Voting, Vote 13, 83896
2021-07-23 17:35:16.090, 2021-07-23 17:35:41.437, 25, Combined Approval, Vote 14, 83896
2021-07-23 17:35:46.409, 2021-07-23 17:36:06.720, 20, Score Voting, Vote 15, 83896
2021-07-23 17:36:12.521, 2021-07-23 17:36:25.671, 13, Modified Borda Count, Vote 16, 83896
2021-07-22 09:28:47.965, 2021-07-22 09:28:51.960, 3, Majority Voting, Vote 01, 84527
2021-07-22 09:29:07.893, 2021-07-22 09:29:13.589, 5, Combined Approval, Vote 02, 84527
2021-07-22 09:28:57.629, 2021-07-22 09:29:02.113, 4, Score Voting, Vote 03, 84527
2021-07-22 09:29:19.747, 2021-07-22 09:29:26.249, 6, Modified Borda Count, Vote 04, 84527
2021-07-22 09:31:01.959, 2021-07-22 09:31:03.708, 1, Majority Voting, Vote 05, 84527
2021-07-22 10:20:06.734, 2021-07-22 10:20:08.531, 1, Modified Borda Count, Vote 16, 84527
2021-01-20 10:24:50.970, 2021-01-20 10:25:22.574, 31, Majority Voting, Vote 01, 89719
2021-01-20 10:25:28.989, 2021-01-20 10:25:42.254, 13, Combined Approval, Vote 02, 89719
2021-01-20 10:25:47.582, 2021-01-20 10:26:11.788, 24, Score Voting, Vote 03, 89719
2021-01-20 10:26:39.337, 2021-01-20 10:27:09.893, 30, Modified Borda Count, Vote 04, 89719
2021-01-20 10:27:16.796, 2021-01-20 10:27:56.215, 39, Majority Voting, Vote 05, 89719
2021-01-20 10:28:01.535, 2021-01-20 10:28:10.921, 9, Combined Approval, Vote 06, 89719
2021-01-20 10:28:16.298, 2021-01-20 10:28:29.172, 12, Score Voting, Vote 07, 89719
2021-01-20 10:28:34.435, 2021-01-20 10:28:45.574, 11, Modified Borda Count, Vote 08, 89719
2021-01-20 10:28:50.595, 2021-01-20 10:28:59.726, 9, Majority Voting, Vote 09, 89719
2021-01-20 10:29:05.475, 2021-01-20 10:29:14.075, 8, Combined Approval, Vote 10, 89719
2021-01-20 10:29:19.261, 2021-01-20 10:29:26.432, 7, Score Voting, Vote 11, 89719
2021-01-20 10:29:31.821, 2021-01-20 10:29:43.673, 11, Modified Borda Count, Vote 12, 89719
2021-01-20 10:29:48.617, 2021-01-20 10:30:02.406, 13, Majority Voting, Vote 13, 89719
2021-01-20 10:30:07.348, 2021-01-20 10:30:15.045, 7, Combined Approval, Vote 14, 89719
2021-01-20 10:30:20.392, 2021-01-20 10:30:31.208, 10, Score Voting, Vote 15, 89719
2021-01-20 10:30:36.342, 2021-01-20 10:30:47.210, 10, Modified Borda Count, Vote 16, 89719
2021-07-23 17:22:42.370, 2021-07-23 17:23:18.514, 36, Majority Voting, Vote 01, 92296
2021-07-23 17:23:24.431, 2021-07-23 17:24:06.171, 41, Combined Approval, Vote 02, 92296
2021-07-23 17:24:11.543, 2021-07-23 17:24:36.003, 24, Score Voting, Vote 03, 92296
2021-07-23 17:24:41.420, 2021-07-23 17:25:24.527, 43, Modified Borda Count, Vote 04, 92296
2021-07-23 17:25:29.748, 2021-07-23 17:26:15.078, 45, Majority Voting, Vote 05, 92296
2021-07-23 17:26:20.015, 2021-07-23 17:26:30.368, 10, Combined Approval, Vote 06, 92296
2021-07-23 17:26:35.972, 2021-07-23 17:26:49.036, 13, Score Voting, Vote 07, 92296
2021-07-23 17:26:55.963, 2021-07-23 17:27:06.903, 10, Modified Borda Count, Vote 08, 92296
2021-07-23 17:27:12.119, 2021-07-23 17:27:29.837, 17, Majority Voting, Vote 09, 92296
2021-07-23 17:27:35.542, 2021-07-23 17:27:47.590, 12, Combined Approval, Vote 10, 92296
2021-07-23 17:27:52.759, 2021-07-23 17:28:21.474, 28, Score Voting, Vote 11, 92296
2021-07-23 17:28:26.503, 2021-07-23 17:28:46.410, 19, Modified Borda Count, Vote 12, 92296
2021-07-23 17:28:51.430, 2021-07-23 17:29:32.086, 40, Majority Voting, Vote 13, 92296
2021-07-23 17:29:37.325, 2021-07-23 17:29:51.030, 13, Combined Approval, Vote 14, 92296
2021-07-23 17:29:56.049, 2021-07-23 17:30:10.494, 14, Score Voting, Vote 15, 92296
2021-07-23 17:30:15.572, 2021-07-23 17:30:27.960, 12, Modified Borda Count, Vote 16, 92296
2021-07-23 17:33:27.456, 2021-07-23 17:33:47.010, 19, Majority Voting, Vote 01, 92828
2021-07-23 17:33:52.713, 2021-07-23 17:34:19.657, 26, Combined Approval, Vote 02, 92828
2021-07-23 17:34:24.978, 2021-07-23 17:34:51.792, 26, Score Voting, Vote 03, 92828
2021-07-23 17:34:57.186, 2021-07-23 17:35:57.458, 60, Modified Borda Count, Vote 04, 92828
2021-07-23 17:36:02.958, 2021-07-23 17:36:32.809, 29, Majority Voting, Vote 05, 92828
2021-01-21 23:46:15.663, 2021-01-21 23:48:54.086, 158, Majority Voting, Vote 01, 94248
2021-01-21 23:49:01.175, 2021-01-21 23:49:26.907, 25, Combined Approval, Vote 02, 94248
2021-01-21 23:51:12.975, 2021-01-21 23:51:44.619, 31, Score Voting, Vote 03, 94248
2021-01-21 23:49:29.954, 2021-01-21 23:50:52.672, 82, Modified Borda Count, Vote 04, 94248
2021-01-21 23:51:51.986, 2021-01-21 23:52:26.726, 34, Majority Voting, Vote 05, 94248
2021-01-21 23:52:31.771, 2021-01-21 23:52:52.548, 20, Combined Approval, Vote 06, 94248
2021-01-21 23:52:57.394, 2021-01-21 23:53:11.658, 14, Score Voting, Vote 07, 94248
2021-01-21 23:53:16.691, 2021-01-21 23:53:27.225, 10, Modified Borda Count, Vote 08, 94248
2021-01-21 23:53:31.801, 2021-01-21 23:53:40.601, 8, Majority Voting, Vote 09, 94248
2021-01-21 23:53:45.321, 2021-01-21 23:53:54.204, 8, Combined Approval, Vote 10, 94248
2021-01-21 23:53:58.954, 2021-01-21 23:54:21.267, 22, Score Voting, Vote 11, 94248
2021-01-21 23:54:26.552, 2021-01-21 23:54:35.316, 8, Modified Borda Count, Vote 12, 94248
2021-01-21 23:54:40.505, 2021-01-21 23:55:00.813, 20, Majority Voting, Vote 13, 94248
2021-01-21 23:55:05.769, 2021-01-21 23:55:27.674, 21, Combined Approval, Vote 14, 94248
2021-01-21 23:55:32.321, 2021-01-21 23:55:43.033, 10, Score Voting, Vote 15, 94248
2021-01-21 23:55:47.820, 2021-01-21 23:56:00.473, 12, Modified Borda Count, Vote 16, 94248
2021-07-23 17:09:09.101, 2021-07-23 17:09:43.179, 34, Majority Voting, Vote 01, 94513
2021-07-23 17:10:20.238, 2021-07-23 17:10:37.880, 17, Combined Approval, Vote 02, 94513
2021-07-23 17:09:48.157, 2021-07-23 17:10:14.758, 26, Score Voting, Vote 03, 94513
2021-07-23 17:10:43.382, 2021-07-23 17:11:04.273, 20, Modified Borda Count, Vote 04, 94513
2021-07-23 17:11:11.211, 2021-07-23 17:11:40.394, 29, Majority Voting, Vote 05, 94513
2021-07-23 17:11:45.694, 2021-07-23 17:12:05.515, 19, Combined Approval, Vote 06, 94513
2021-07-23 17:12:10.626, 2021-07-23 17:12:25.036, 14, Score Voting, Vote 07, 94513
2021-07-23 17:12:30.194, 2021-07-23 17:12:42.542, 12, Modified Borda Count, Vote 08, 94513
2021-07-23 17:12:47.992, 2021-07-23 17:13:04.757, 16, Majority Voting, Vote 09, 94513
2021-07-23 17:13:10.458, 2021-07-23 17:13:15.063, 4, Combined Approval, Vote 10, 94513
2021-07-23 17:13:20.415, 2021-07-23 17:13:29.614, 9, Score Voting, Vote 11, 94513
2021-07-23 17:13:34.812, 2021-07-23 17:13:50.061, 15, Modified Borda Count, Vote 12, 94513
2021-07-23 17:13:55.412, 2021-07-23 17:14:20.071, 24, Majority Voting, Vote 13, 94513
2021-07-23 17:14:25.574, 2021-07-23 17:14:45.357, 19, Combined Approval, Vote 14, 94513
2021-07-23 17:14:50.521, 2021-07-23 17:15:02.204, 11, Score Voting, Vote 15, 94513
2021-07-23 17:15:07.272, 2021-07-23 17:15:26.450, 19, Modified Borda Count, Vote 16, 94513
2021-07-23 17:18:26.502, 2021-07-23 17:19:08.611, 42, Majority Voting, Vote 01, 98245
2021-07-23 17:20:13.953, 2021-07-23 17:21:07.856, 53, Combined Approval, Vote 02, 98245
2021-07-23 17:19:13.297, 2021-07-23 17:20:09.018, 55, Score Voting, Vote 03, 98245
2021-07-23 17:21:12.921, 2021-07-23 17:21:36.638, 23, Modified Borda Count, Vote 04, 98245
2021-07-23 17:21:51.587, 2021-07-23 17:22:50.119, 58, Majority Voting, Vote 05, 98245
2021-07-23 17:22:54.969, 2021-07-23 17:23:12.404, 17, Combined Approval, Vote 06, 98245
2021-07-23 17:23:17.624, 2021-07-23 17:23:43.828, 26, Score Voting, Vote 07, 98245
2021-07-23 17:23:48.859, 2021-07-23 17:24:32.956, 44, Modified Borda Count, Vote 08, 98245
2021-07-23 17:24:38.047, 2021-07-23 17:25:09.285, 31, Majority Voting, Vote 09, 98245
2021-07-23 17:25:14.312, 2021-07-23 17:25:56.067, 41, Combined Approval, Vote 10, 98245
2021-07-23 17:26:01.275, 2021-07-23 17:26:13.980, 12, Score Voting, Vote 11, 98245
2021-07-23 17:26:18.934, 2021-07-23 17:26:41.929, 22, Modified Borda Count, Vote 12, 98245
2021-07-23 17:26:46.926, 2021-07-23 17:27:41.888, 54, Majority Voting, Vote 13, 98245
2021-07-23 17:27:46.641, 2021-07-23 17:27:55.054, 8, Combined Approval, Vote 14, 98245
2021-07-23 17:27:59.980, 2021-07-23 17:28:17.421, 17, Score Voting, Vote 15, 98245
2021-07-23 17:28:22.383, 2021-07-23 17:28:48.789, 26, Modified Borda Count, Vote 16, 98245
2021-01-20 11:50:45.949, 2021-01-20 11:51:17.617, 31, Majority Voting, Vote 01, 98528
2021-01-20 11:51:23.028, 2021-01-20 11:51:55.795, 32, Combined Approval, Vote 02, 98528
2021-01-20 11:52:01.640, 2021-01-20 11:52:39.686, 38, Score Voting, Vote 03, 98528
2021-01-20 11:52:44.887, 2021-01-20 11:54:20.560, 95, Modified Borda Count, Vote 04, 98528
2021-01-20 12:01:14.489, 2021-01-20 12:01:20.810, 6, Majority Voting, Vote 05, 98528
2021-01-20 12:01:25.872, 2021-01-20 12:01:49.418, 23, Combined Approval, Vote 06, 98528
2021-01-20 12:01:54.341, 2021-01-20 12:02:22.945, 28, Score Voting, Vote 07, 98528
2021-01-20 12:02:27.795, 2021-01-20 12:02:48.523, 20, Modified Borda Count, Vote 08, 98528
2021-01-20 11:56:32.336, 2021-01-20 11:56:42.538, 10, Majority Voting, Vote 09, 98528
2021-01-20 11:56:48.659, 2021-01-20 11:57:05.633, 16, Combined Approval, Vote 10, 98528
2021-01-20 11:57:10.877, 2021-01-20 11:57:37.108, 26, Score Voting, Vote 11, 98528
2021-01-20 11:57:45.386, 2021-01-20 11:58:09.116, 23, Modified Borda Count, Vote 12, 98528
2021-01-20 11:58:15.312, 2021-01-20 11:58:36.738, 21, Majority Voting, Vote 13, 98528
2021-01-20 11:58:42.204, 2021-01-20 11:59:27.793, 45, Combined Approval, Vote 14, 98528
2021-01-20 11:59:33.193, 2021-01-20 11:59:58.600, 25, Score Voting, Vote 15, 98528
2021-01-20 12:00:03.669, 2021-01-20 12:00:26.709, 23, Modified Borda Count, Vote 16, 98528
